What is the procurement policy effective date?,Issue No. 12
What does procurement policy effect from 01 August 2022?,Issue No. 12
What is procurement policy effective date: 1st August 2022?,Issue No. 12
What is the procurement policy effective date of 1st August 2022?,Issue No. 12
What is the procurement policy Effective Date (procurement)?,Issue No. 12
What is the procurement policy effective date of 1st August 2022? What is its acronym?,Issue No. 12
What is procurement policy effective date?,Issue No. 12
What is procurement policy issue no.?,12
What is procurement policy issue no?,12
What are procurement policy issues (entries)?,12
What is procurement policy issue number?,12
What is procurement policy issue no? What is procurement policy issue no?,12
What is procurement policy issue?,12
What are the core components of procurement?,Appropriate internal control mechanisms
What are built in to procurement?,Appropriate internal control mechanisms
What is designed and built into the procurement process?,Appropriate internal control mechanisms
What are the designs and built into the procurement process?,Appropriate internal control mechanisms
What are designed and built into procurement processes?,Appropriate internal control mechanisms
What are the elements built into procurement process?,Appropriate internal control mechanisms
What are the features of the procurement process?,Appropriate internal control mechanisms
What are built in procurement?,Appropriate internal control mechanisms
What is the name of the process responsible for all WNS entities?,Establishment of procedures
What is the name of the process which represents all WNS entities?,Establishment of procedures
What is the process responsible for all WNS entities?,Establishment of procedures
What is the process responsible for WNS entity?,Establishment of procedures
What is the name of the procedure responsible for all WNS entities?,Establishment of procedures
What is the name of process responsible for all WNS entities and what is the process of calculating the sum of these multiple entities?,Establishment of procedures
What is the name of the company responsible for the WNS entities?,WNS Global Services
What is the name of the company responsible for all WNS entities?,WNS Global Services
What is the company responsible for the WNS entity?,WNS Global Services
What is the name of the company that controls WNS?,WNS Global Services
What is the name of the company that is responsible for all WNS entities in India?,WNS Global Services
What is the name of company that is responsible for wns services?,WNS Global Services
What is the name of the company which is responsible for all WNS entities?,WNS Global Services
What are the names of the company responsible for all WNS entities?,WNS Global Services
What is the name of the company responsible for WNS entities?,WNS Global Services
How will policy make effective for a new acquisition as per?,integration plan
What will the policy be made effective for a new acquisition?,integration plan
"What would be the policy, made effective for new acquisition?",integration plan
What is policy made effective to cover the new acquisition as per?,integration plan
How would the new acquisition policy be made effective as per?,integration plan
What will a policy of WNS apply with a new site?,the time the site is ready for occupation
What shall the provisions of the policy apply if WNS opens a site in a new location?,the time the site is ready for occupation
"If WNS goes to a new location, what will the provisions of the policy apply to it?",the time the site is ready for occupation
Why won't WNS Open a new website?,the time the site is ready for occupation
What will the provisions of the policy apply if WNS opens a new location in Texas?,the time the site is ready for occupation
What will the provisions of the policy apply when WNS opened a site in a new location?,the time the site is ready for occupation
What does the law of WNS apply if a new site is opened in a new location?,the time the site is ready for occupation
How does the application apply to the site being built?,Provisions of the policy
What will apply to your site being built?,Provisions of the policy
What if you are building a new site? What can you apply?,Provisions of the policy
What applies to the site being built?,Provisions of the policy
What will also apply to a site being built?,Provisions of the policy
What will apply to the site being built?,Provisions of the policy
What applies to a Site Being Built?,Provisions of the policy
How do sites matter?,Provisions of the policy
What type of categorization is a) Capital Expenditure (Capex) - Purchase of all fixed assets such as all other assets by a manufacturer.,3.
What type of categorization is a) Capital Expenditure (Capex) - Purchase of all fixed assets such as all other fixed assets.,3.
What type of categorization is a) Capital Expenditure (Capex) - Purchase of all fixed assets like all fixed assets?,3.
What is the type of categorization is a) Capital Expenditure (Capex) - Purchase of all fixed assets such as all bridges etc.?,3.
What type of categorization is a) Capital Expenditure (Capex) - Purchase of all fixed assets such as all buildings such as all railway and other vehicles?,3.
What type of categorization is a) Capital Expenditure (Capex) - Purchase of all fixed assets such as all future commercial and industrial assets?,3.
What is Capital Expenditure in US?,3.
What type of categorizations is a) Capital Expenditure (Capex) Purchase of all fixed assets such as all existing. in a foreign country of the same land but with the same land and water?,3.
What type of categorization is a) Capital Expenditure (Capex) - Purchase of all fixed assets such as any used vehicles and boats?,3.
What type of categorization is a) Capital Expenditure (Capex) - Purchase of all fixed assets such as all other assets?,3.
"What is the term ""Capex""?",Capital Expenditure
What is Capex?,Capital Expenditure
What is the name of Capex?,Capital Expenditure
What is the term Capex?,Capital Expenditure
What is capexe? What is the term for him/her?,Capital Expenditure
What is a Capex?,Project purchases
What are Capex? What is it about?,Project purchases
What is Capex? What are the basic uses of Capex?,Project purchases
What does Capex mean? What are the basic types?,Project purchases
What is the Capex?,Project purchases
What services are availed by?,enabling units
What are some services availed?,enabling units
Which services can be availed?,enabling units
What are the services that we can avail from?,enabling units
What are services availed in this site?,enabling units
What are the services that can be availed by you?,enabling units
What services do you availed by?,enabling units
What services are available to a person?,enabling units
What are the services they provide?,enabling units
What are the services availed of by the Government of India?,enabling units
In which section is the list of exclusions?,applicability
What are the exclusions?,applicability
What is the exclusion list?,applicability
What is the list of exclusion lists?,applicability
How can you see the list of exclusions?,applicability
In what sections is exclusions found?,applicability
In what section is the list of exclusions & conditions?,applicability
What is a list of exclusions? In what section is that list?,applicability
"What is the name of the policy that governs the purchase of all fixed assets such as IT equipment, telecom equipment, software application, furniture & fixture?",Procurement Policy
"What is the name of the policy that governs purchase of all fixed assets such as IT equipment, telecom equipment, software applications, furniture & fixture and the like?",Procurement Policy
"What is the name of the policy that governs the purchase of all fixed assets such as IT equipment, telecom equipment, software applications, furniture & fixture?",Procurement Policy
"What is the name of the policy that governs the purchase of all fixed assets such as IT equipment, telecom equipment, software applications, furniture & fixture..?",Procurement Policy
"What is the name of the policy that governs the purchase of all fixed assets such as IT equipment, telecom equipment, software applications and furniture & fixture etc?",Procurement Policy
"What is the name of policy that governs the purchase of fixed assets such as IT equipment, telecom equipment, software applications, furniture & fixture. What do you find?",Procurement Policy
"What is the name of the policy that governs the purchase of fixed assets such as IT equipment, telecom equipment, software applications, furniture & fixture? What is the name of the policy that governs the purchase of all fixed assets?",Procurement Policy
"What is the name of the policy that governs the purchase of all fixed assets such as IT equipment, telecom equipment, software applications, furniture & fixture.? What are some examples?",Procurement Policy
"What is the name of policy that governs the purchase of all fixed assets such as IT equipment, telecom equipment, software applications, furniture & fixture like?",Procurement Policy
What is the issue number and their publication date?,Issue No. 12
What is the date for the issue no?,Issue No. 12
What the date of the issuance number?,Issue No. 12
How was the date of the issue number issued?,Issue No. 12
What is the date of issue no?,Issue No. 12
What was the date of issue number?,Issue No. 12
Which date can I get an issue number for and what is the date of production?,Issue No. 12
What is the date of the issue number?,Issue No. 12
What type of responsibility is the Procurement head responsible for all the changes to this document and must be approved by the Group Managing Director?,Private & Non-Sensitive 4.
What types of responsibility is the Procurement Head responsible for all the changes to this document and must be authorized and approved by the Group CFO?,Private & Non-Sensitive 4.
What type of responsibility are the procurement head responsible for all the changes to this document?,Private & Non-Sensitive 4.
What are the roles of procurement head when the approval is required of this document and the final revision is approved by Group CFO?,Private & Non-Sensitive 4.
How do I get the Procurement Head to edit the original PDF documents?,Private & Non-Sensitive 4.
What type of authority is responsible for all the changes to this document and must be authorized and approved by the group CFO?,Private & Non-Sensitive 4.
Who approves or approves changes to this document?,Group CFO
Who approves and approves any changes to this document?,Group CFO
Who approves changes to this document?,Group CFO
Who approves any changes to this document?,Group CFO
Who authorizes this document and approves any change to this document?,Group CFO
Who authorizes and approves any changes to this document?,Group CFO
Who approves/authorizes any change to this document?,Group CFO
Who approved all changes to this document?,Group CFO
What is purpose of procurement policy?,Applicability
What is procurement policy?,Applicability
What is the purpose of procurement policy in the government?,Applicability
What is the purpose of procurement policy?,Applicability
What do you feel is the purpose of procurement policy?,Applicability
What is procurement policy? What is its purpose?,Applicability
What is the purpose of procurement policy?,binding
What is procurement policy?,binding
What are procurement policies? What is it? How are they useful?,binding
What was the purpose of procurement policy?,binding
What is the goal of procurement policy?,binding
Why is procurement policy Important?,binding
What do some hotels that are governed by employee travel policy?,Travel Desk
What are the hotels managed by employees that is governed by employee travel policy?,Travel Desk
Who manages hotels that manage and are governed by an Employee travel policy?,Travel Desk
Who manages hotels that are covered by employee travel policy?,Travel Desk
How does Employee travel policy work?,Travel Desk
How do I know if hotel is covered by an employee travel policy?,Travel Desk
Who manages hotels which are governed by employee travel policy?,Travel Desk
Who manages hotels governed by employee travel policy?,Travel Desk
Where does procurement assist in concluding deals with such service providers as specified in company policies?,negotiation of rates
Where do procurements assist in concluding deals with such service providers as specified in company policies?,negotiation of rates
Where does procurement assistance assist in concluding deals with such service providers as specified in company policies?,negotiation of rates
Where does procurement assist in completing a deal with such service providers as specified in company policies?,negotiation of rates
Where does procurement department assist in concluding deals with such service providers as specified in company policies?,negotiation of rates
What is an employee travel policy?,Negotiation of rates for hotel stays for designated hotel / class of hotels
What's defined in employee travel policy?,Negotiation of rates for hotel stays for designated hotel / class of hotels
What does employee travel mean?,Negotiation of rates for hotel stays for designated hotel / class of hotels
What is defined in the employee travel policy?,Negotiation of rates for hotel stays for designated hotel / class of hotels
What are employee traveling policies? What are the definitions of the policies?,Negotiation of rates for hotel stays for designated hotel / class of hotels
What is employees travel policy?,Negotiation of rates for hotel stays for designated hotel / class of hotels
Who approves transaction for the company?,Group CFO and above
Who approves and demonitizes transactions?,Group CFO and above
Who approves such transactions? Why?,Group CFO and above
Why does hispanics approve transactions? What approves the approval?,Group CFO and above
What kind of purchases may not be routed through procurement department due to the urgency?,emergency purchases
What type of purchases may not be routed through procurement department due to urgency?,emergency purchases
What type of purchases may not be routed through procurement department because of the urgency?,emergency purchases
Which departments approve emergency purchases?,Head of the function
Who approves emergency purchases?,Head of the function
Who approves emergency purchases for India?,Head of the function
Who approves emergencies purchases for India / Centre Heads?,Head of the function
Who approves urgent purchases for India / Centre Heads?,Head of the function
What is the consensus to make emergency purchase for India?,Head of the function
Which authority approves emergency purchases?,Head of the function
Who approves emergency purchasing for India / Centre Heads?,Head of the function
Who approves urgent purchases for India?,Head of the function
Who makes emergency purchases for & has powers to approve them?,Head of the function
What is the maximum limit for such purchases for miscellaneous expenses and/or client visit related expenses?,$1000
What is the limit of such purchases for miscellaneous expenses and/or client visit related expenses?,$1000
What is the maximum amount of purchase for miscellaneous and/or client visit related expenses?,$1000
Where is the limit for such purchases for miscellaneous expenses &/or client visit related expenses?,$1000
What is the limitation for such purchases for miscellaneous expenses and client visit related expenses?,$1000
What is the legal limit for such purchases for miscellaneous expenses and/or client visit related expenses?,$1000
What is the limit for such purchases for miscellaneous expenses and/or clients visit related expenses?,$1000
What's not created in these cases?,PO
What happens to nothing in this case?,PO
What is not created in such cases?,PO
What can't be created in these cases?,PO
What is not created?,PO
What are the exceptions to the Purchase Order process?,Annexure 1
What are the exceptions to the purchase order process?,Annexure 1
What are the exceptions to the Purchase Order Process?,Annexure 1
What is the policy with exceptions to the Purchase Order Process?,Annexure 1
What is the exception policy to the Purchase Order Process?,Annexure 1
What policy list the exceptions to the Purchase Order Process?,Annexure 1
What do you think of the Purchase Order process?,Annexure 1
What is the POPULAR exception to Purchase Order Process?,Annexure 1
What is the exceptions to the Purchase Order Process?,Annexure 1
What is the name of the Sustainability and Diversity Practice where WNS operates in China?,Sustainability and Diversity Practice
Which sustainability or diversity practice works in world?,Sustainability and Diversity Practice
How can we support sustainability and diversity practice in the world?,Sustainability and Diversity Practice
What is the name of Sustainability and Diversity in the World?,Sustainability and Diversity Practice
What is the name of the Sustainability and Diversity Practice where WNS works around the world?,Sustainability and Diversity Practice
What is the name of Sustainability and Diversity Practice which WNS operates around the world?,Sustainability and Diversity Practice
What is the name of Sustainable and Diversity Practice where WNS operates in the world?,Sustainability and Diversity Practice
What is the name of the Sustainability & Diversity Practice Where WNS operates around the world?,Sustainability and Diversity Practice
What does WNS do as part of its business?,fair and equitably
What does WNS strive to do of our business?,fair and equitably
What is our business philosophy at WNS?,fair and equitably
What does WNS actually strive to conduct our business?,fair and equitably
How does WNS conduct business?,fair and equitably
What is our business and what is our philosophy of doing business?,fair and equitably
What is WNS?,fair and equitably
Does WNS make any attempt to conduct our business?,fair and equitably
What is WNS' goal to conduct our business?,fair and equitably
How WNS conducts business?,fair and equitably
What rules do WNS follow?,local laws and customs
Do you follow WNS?,local laws and customs
Why is WNS selected?,local laws and customs
What do WNS follow?,local laws and customs
What is WNS all about?,local laws and customs
Which religion does WNS follow? Why and how?,local laws and customs
What is WNS?,local laws and customs
What is on WNS's campus?,working collectively in building mutually beneficial relationships with all our stakeholders
What are the most important things about being at WNS?,working collectively in building mutually beneficial relationships with all our stakeholders
What are we at WNS?,working collectively in building mutually beneficial relationships with all our stakeholders
Who do you work for at WNS?,working collectively in building mutually beneficial relationships with all our stakeholders
What are you doing at WNS?,working collectively in building mutually beneficial relationships with all our stakeholders
What do you do with your time at WNS?,working collectively in building mutually beneficial relationships with all our stakeholders
What is involved in WNS?,working collectively in building mutually beneficial relationships with all our stakeholders
What is WNS? What do we do?,working collectively in building mutually beneficial relationships with all our stakeholders
What does WNS do?,working collectively in building mutually beneficial relationships with all our stakeholders
What are our jobs at the WNS?,working collectively in building mutually beneficial relationships with all our stakeholders
What is the responsibility of WNS?,to identify and provide opportunities to suppliers who follow sustainable practices and come from diverse backgrounds to do business with the company based on merit
What are the responsibilities of WNS?,to identify and provide opportunities to suppliers who follow sustainable practices and come from diverse backgrounds to do business with the company based on merit
What are the duties of the WNS?,to identify and provide opportunities to suppliers who follow sustainable practices and come from diverse backgrounds to do business with the company based on merit
What is the role of WNS?,to identify and provide opportunities to suppliers who follow sustainable practices and come from diverse backgrounds to do business with the company based on merit
What is the responsibilities of a WNS?,to identify and provide opportunities to suppliers who follow sustainable practices and come from diverse backgrounds to do business with the company based on merit
What are the responsibilities of the WNS?,to identify and provide opportunities to suppliers who follow sustainable practices and come from diverse backgrounds to do business with the company based on merit
What is the role of the WNS?,to identify and provide opportunities to suppliers who follow sustainable practices and come from diverse backgrounds to do business with the company based on merit
What is the responsibilities and obligations of WNS?,to identify and provide opportunities to suppliers who follow sustainable practices and come from diverse backgrounds to do business with the company based on merit
How does WNS gather information about suppliers diversity status and sustainability standards?,vendor registration
In what process does WNS collect information about diversity status and sustainable standards of our suppliers?,vendor registration
In what process does WNS gather information about diversity status and sustainability standards of our suppliers?,vendor registration
In what process do WNS gather information about the diversity status and sustainable standards of our suppliers?,vendor registration
In what process does WNS gather information about the diversity status and sustainability standards of our suppliers?,vendor registration
"In what process does WNS gather information about the diversity status of our suppliers, in other words the sustainable standards of our suppliers?",vendor registration
In what process does WNS collect information about the diversity status and sustainable standards of our suppliers?,vendor registration
In what process does WNS gather information about the diversity status of our suppliers?,vendor registration
What are the characteristics that differentiate a supplier and its suppliers in the selection of their products?,Supplier diversity and sustainability
What is poised to become key parameter in the selection criteria of our suppliers?,Supplier diversity and sustainability
Which criteria is poised to become a key parameter in the selection criteria of our suppliers?,Supplier diversity and sustainability
What plays a big role when selecting suppliers?,Supplier diversity and sustainability
What are some of the more important factor in selecting our suppliers?,Supplier diversity and sustainability
What part of WNS promote sustainable procurement practices?,environmental laws
How does WNS promote sustainable procurement practices?,environmental laws
What do you think WNS is doing to promote sustainable procurement practices?,environmental laws
Why WNS encourages sustainability in procurement practices?,environmental laws
Why does WNS support sustainable procurement practices?,environmental laws
What does WNS encourage. Sustainable procurement practices?,environmental laws
How is WNS sustainable procurement?,environmental laws
What does WNS's Sustainable procurement motto mean?,environmental laws
What does the WNS promote sustainable procurement practices in business?,environmental laws
What does WNS encourage sustainable procurement practices and benefits on a budget?,environmental laws
